{
  "seed": 42,
  "n_sub": 3,
  "n_cells": 100000,
  "blast_perc": [
    0.001,
    0.005,
    0.01
  ],
  "best_nsub": 480,
  "sorted_nsubs_list": [
    380,
    420,
    460,
    480,
    500
  ],
  "acc_5_to_plot": [
    0.7866666666666667,
    0.76,
    0.8133333333333332,
    0.8800000000000001,
    0.7733333333333334
  ],
  "f1_5_to_plot": [
    0.5636363636363637,
    0.5342857142857143,
    0.6589610389610389,
    0.816969696969697,
    0.5933333333333334
  ]
}