{
  "seed": 42,
  "n_sub": 3,
  "n_cells": 100000,
  "blast_perc": [
    0.001,
    0.005,
    0.01
  ],
  "best_nsub": 780,
  "sorted_nsubs_list": [
    640,
    740,
    760,
    780,
    800
  ],
  "acc_5_to_plot": [
    0.6933333333333334,
    0.76,
    0.7866666666666667,
    0.8800000000000001,
    0.76
  ],
  "f1_5_to_plot": [
    0.3238095238095238,
    0.5342857142857143,
    0.5751515151515151,
    0.8054545454545454,
    0.5504761904761905
  ]
}